Model,Accuracy,Balanced Accuracy,ROC AUC,F1 Score,Time Taken
AdaBoostClassifier,0.9383679312813172,0.6065924486536347,0.6065924486536348,0.9224394899267148,3.104916572570801
AdaBoostClassifier,0.5762503684779404,0.3910969301161532,,0.5079126198528566,4.739689826965332
AdaBoostClassifier,1.0,1.0,1.0,1.0,0.1111807823181152
AdaBoostClassifier,0.6129032258064516,0.6094276094276094,,0.6146756469337115,0.1201269626617431
