Model,Accuracy,Balanced Accuracy,ROC AUC,F1 Score,Time Taken
BaggingClassifier,0.9358625626342162,0.6392417373541466,0.6392417373541466,0.9251742748616544,4.113239288330078
BaggingClassifier,0.5491795224525892,0.3936827906039838,,0.5088481685428442,9.878071308135986
BaggingClassifier,1.0,1.0,1.0,1.0,0.0364389419555664
BaggingClassifier,0.6451612903225806,0.632996632996633,,0.6317972350230414,0.0348110198974609
