Model,Accuracy,Balanced Accuracy,ROC AUC,F1 Score,Time Taken
BernoulliNB,0.8194702934860415,0.7244807596699427,0.7244807596699427,0.8549365607874089,0.1581799983978271
BernoulliNB,0.5670138547705611,0.388948099864387,,0.5100821671845861,0.2629046440124511
BernoulliNB,0.7916666666666666,0.7916666666666666,0.7916666666666667,0.7883597883597883,0.0135962963104248
BernoulliNB,0.5483870967741935,0.5420875420875421,,0.5503072196620584,0.0116007328033447
