Model,Accuracy,Balanced Accuracy,ROC AUC,F1 Score,Time Taken
CalibratedClassifierCV,0.9382247673586256,0.5987047491047687,0.5987047491047687,0.9210932503198012,1.8239552974700928
CalibratedClassifierCV,0.564311683207232,0.3713040085972685,,0.4750247820669266,6.883609771728516
CalibratedClassifierCV,0.9583333333333334,0.9583333333333331,0.9583333333333331,0.9582608695652174,0.0346169471740722
CalibratedClassifierCV,0.5483870967741935,0.5555555555555555,,0.5486803519061583,0.043534517288208
