Model,Accuracy,Balanced Accuracy,ROC AUC,F1 Score,Time Taken
DecisionTreeClassifier,0.8993557623478883,0.6531144433526115,0.6531144433526114,0.9022022815058256,0.709742546081543
DecisionTreeClassifier,0.4751400216173725,0.3767910464843054,,0.4736066061355932,1.7870194911956787
DecisionTreeClassifier,1.0,1.0,1.0,1.0,0.0124857425689697
DecisionTreeClassifier,0.7096774193548387,0.7070707070707071,,0.7096774193548387,0.0111944675445556
