Model,Accuracy,Balanced Accuracy,ROC AUC,F1 Score,Time Taken
DummyClassifier,0.928131710808876,0.5,0.5,0.8935369588912895,0.1005654335021972
DummyClassifier,0.5380760538469097,0.3333333333333333,,0.376477923831301,0.1880285739898681
DummyClassifier,0.5,0.5,0.5,0.3333333333333333,0.0134954452514648
DummyClassifier,0.2903225806451613,0.3333333333333333,,0.1306451612903225,0.010899543762207
