Model,Accuracy,Balanced Accuracy,ROC AUC,F1 Score,Time Taken
ExtraTreeClassifier,0.9032211882605584,0.5982255614285108,0.5982255614285108,0.8990607190140647,0.1729629039764404
ExtraTreeClassifier,0.4523926500933477,0.3613809541602218,,0.4533773546749344,0.3752827644348144
ExtraTreeClassifier,0.9583333333333334,0.9583333333333331,0.9583333333333331,0.9582608695652174,0.0126376152038574
ExtraTreeClassifier,0.6774193548387096,0.6632996632996633,,0.6678120617110799,0.0107698440551757
