Model,Accuracy,Balanced Accuracy,ROC AUC,F1 Score,Time Taken
ExtraTreesClassifier,0.9362204724409448,0.5631665840110175,0.5631665840110175,0.9133070833627528,6.864099502563477
ExtraTreesClassifier,0.5739412400510956,0.3923268968642635,,0.5132727997745993,17.28745150566101
ExtraTreesClassifier,1.0,1.0,1.0,1.0,0.1130344867706298
ExtraTreesClassifier,0.7096774193548387,0.7003367003367004,,0.7030360531309298,0.111238956451416
