Model,Accuracy,Balanced Accuracy,ROC AUC,F1 Score,Time Taken
GaussianNB,0.8746599856836077,0.7013761243780086,0.7013761243780086,0.889765658682014,0.1442701816558838
GaussianNB,0.5329664930726147,0.3873143881778085,,0.4327202778952583,0.2496285438537597
GaussianNB,0.9166666666666666,0.9166666666666669,0.9166666666666669,0.916083916083916,0.0133335590362548
GaussianNB,0.5806451612903226,0.5791245791245792,,0.5775192012288787,0.0112311840057373
