Model,Accuracy,Balanced Accuracy,ROC AUC,F1 Score,Time Taken
KNeighborsClassifier,0.928775948460988,0.5917767308062214,0.5917767308062214,0.9138784865033572,0.8632290363311768
KNeighborsClassifier,0.5279060626903803,0.3741116536940016,,0.4891683816847806,1.4372951984405518
KNeighborsClassifier,1.0,1.0,1.0,1.0,0.0143711566925048
KNeighborsClassifier,0.5483870967741935,0.5488215488215488,,0.5236961181233626,0.0127325057983398
