Model,Accuracy,Balanced Accuracy,ROC AUC,F1 Score,Time Taken
LabelSpreading,0.9055833929849678,0.5967414469839292,0.5967414469839292,0.900310790877015,194.1458601951599
LabelSpreading,0.46747568045593,0.3692679380462758,,0.4650080208192564,423.4072296619415
LabelSpreading,0.9583333333333334,0.9583333333333331,0.9583333333333331,0.9582608695652174,0.013141393661499
LabelSpreading,0.7096774193548387,0.7003367003367004,,0.7030360531309298,0.0115811824798583
