Model,Accuracy,Balanced Accuracy,ROC AUC,F1 Score,Time Taken
LabelPropagation,0.9050823192555476,0.5969309558004293,0.5969309558004293,0.9000309816081753,155.55401849746704
LabelPropagation,0.4676722020241721,0.3698180125115796,,0.4653572987377954,346.23597860336304
LabelPropagation,0.9583333333333334,0.9583333333333331,0.9583333333333331,0.9582608695652174,0.0137276649475097
LabelPropagation,0.7096774193548387,0.7003367003367004,,0.7030360531309298,0.0118753910064697
