Model,Accuracy,Balanced Accuracy,ROC AUC,F1 Score,Time Taken
LGBMClassifier,0.9407301360057264,0.6285400584919307,0.6285400584919307,0.9272701742542204,0.6810870170593262
LGBMClassifier,0.5860273164979857,0.4072150284254961,,0.5281832167196903,1.7970643043518066
LGBMClassifier,1.0,1.0,1.0,1.0,0.0882594585418701
LGBMClassifier,0.5806451612903226,0.5791245791245792,,0.568679251455866,0.1663637161254882
