Model,Accuracy,Balanced Accuracy,ROC AUC,F1 Score,Time Taken
LinearSVC,0.935934144595562,0.5676067901769446,0.5676067901769445,0.9140394403308204,0.5991630554199219
LinearSVC,0.5634273361501425,0.3690302815109616,,0.4711755823363668,1.4988224506378174
LinearSVC,0.9583333333333334,0.9583333333333331,0.9583333333333331,0.9582608695652174,0.0130164623260498
LinearSVC,0.5483870967741935,0.5488215488215488,,0.5467380500587331,0.0108602046966552
