Model,Accuracy,Balanced Accuracy,ROC AUC,F1 Score,Time Taken
LinearDiscriminantAnalysis,0.935934144595562,0.6296319426904444,0.6296319426904444,0.9240153418764312,0.3377621173858642
LinearDiscriminantAnalysis,0.5611182077232977,0.3753794529885004,,0.4712358799161643,0.4737789630889892
LinearDiscriminantAnalysis,0.9583333333333334,0.9583333333333331,0.9583333333333331,0.9582608695652174,0.0130097866058349
LinearDiscriminantAnalysis,0.5806451612903226,0.5791245791245792,,0.5775192012288787,0.0108978748321533
