Model,Accuracy,Balanced Accuracy,ROC AUC,F1 Score,Time Taken
LogisticRegression,0.9390837508947744,0.6033025079997762,0.6033025079997764,0.9224105853956812,0.3587460517883301
LogisticRegression,0.5676034194752874,0.3777153161242604,,0.4854419276185449,0.471736192703247
LogisticRegression,1.0,1.0,1.0,1.0,0.0134809017181396
LogisticRegression,0.5483870967741935,0.5488215488215488,,0.5467380500587331,0.0121364593505859
