Model,Accuracy,Balanced Accuracy,ROC AUC,F1 Score,Time Taken
NearestCentroid,0.6641374373657838,0.7597967685021136,0.7597967685021136,0.7450876730438089,0.177666425704956
NearestCentroid,0.4752874127935541,0.4194659612212505,,0.4723172444202363,0.2462446689605713
NearestCentroid,0.9166666666666666,0.9166666666666669,0.9166666666666669,0.916083916083916,0.0134992599487304
NearestCentroid,0.5806451612903226,0.5791245791245792,,0.5808814841072906,0.0109393596649169
