Model,Accuracy,Balanced Accuracy,ROC AUC,F1 Score,Time Taken
NuSVC,0.9583333333333334,0.9583333333333331,0.9583333333333331,0.9582608695652174,0.0139713287353515
NuSVC,0.6129032258064516,0.6094276094276094,,0.5912171320140959,0.012700080871582
