Model,Accuracy,Balanced Accuracy,ROC AUC,F1 Score,Time Taken
Perceptron,0.8691481746599857,0.7305680102357807,0.7305680102357807,0.8878193884093878,0.2254736423492431
Perceptron,0.4930726147194654,0.3874603841489748,,0.4799927121906333,0.9925985336303712
Perceptron,0.875,0.875,0.875,0.8747826086956522,0.0129256248474121
Perceptron,0.4516129032258064,0.4377104377104377,,0.3697295536005214,0.0118563175201416
