Model,Accuracy,Balanced Accuracy,ROC AUC,F1 Score,Time Taken
QuadraticDiscriminantAnalysis,0.8978525411596278,0.660115207840549,0.660115207840549,0.9018327207518716,0.2767198085784912
QuadraticDiscriminantAnalysis,0.4929743539353444,0.3839310533336939,,0.4266711988808499,0.4451532363891601
QuadraticDiscriminantAnalysis,1.0,1.0,1.0,1.0,0.0126187801361083
QuadraticDiscriminantAnalysis,0.4516129032258064,0.4579124579124579,,0.4084101382488479,0.0110292434692382
