Model,Accuracy,Balanced Accuracy,ROC AUC,F1 Score,Time Taken
RandomForestClassifier,0.9398711524695776,0.598213347443175,0.5982133474431751,0.9221153805739684,7.465628147125244
RandomForestClassifier,0.5801807998427827,0.3983236566577334,,0.5213555027473864,19.8475980758667
RandomForestClassifier,1.0,1.0,1.0,1.0,0.1471145153045654
RandomForestClassifier,0.7096774193548387,0.7003367003367004,,0.7030360531309298,0.1470162868499755
