Model,Accuracy,Balanced Accuracy,ROC AUC,F1 Score,Time Taken
RidgeClassifierCV,0.9333571939871153,0.5414084829892216,0.5414084829892215,0.9069250090714434,0.3213858604431152
RidgeClassifierCV,0.5621990763486293,0.3672361620114241,,0.4674323465114623,0.5350980758666992
RidgeClassifierCV,0.9583333333333334,0.9583333333333331,0.9583333333333331,0.9582608695652174,0.0135831832885742
RidgeClassifierCV,0.5483870967741935,0.5488215488215488,,0.5467380500587331,0.0119106769561767
