Model,Accuracy,Balanced Accuracy,ROC AUC,F1 Score,Time Taken
RidgeClassifier,0.9333571939871153,0.5414084829892216,0.5414084829892215,0.9069250090714434,0.1611497402191162
RidgeClassifier,0.5621990763486293,0.3672361620114241,,0.4674323465114623,0.2581586837768554
RidgeClassifier,0.9583333333333334,0.9583333333333331,0.9583333333333331,0.9582608695652174,0.0143861770629882
RidgeClassifier,0.5483870967741935,0.5488215488215488,,0.5467380500587331,0.0115430355072021
