Model,Accuracy,Balanced Accuracy,ROC AUC,F1 Score,Time Taken
SGDClassifier,0.9380816034359342,0.5834659203691174,0.5834659203691174,0.9183805780590436,0.3976936340332031
SGDClassifier,0.5515377812714946,0.3607484236831594,,0.4385731984874969,2.296363115310669
SGDClassifier,0.75,0.75,0.7500000000000001,0.7428571428571429,0.0121653079986572
SGDClassifier,0.3225806451612903,0.3232323232323232,,0.3169480465908152,0.0143449306488037
