Model,Accuracy,Balanced Accuracy,ROC AUC,F1 Score,Time Taken
SVC,0.939799570508232,0.5977153394750475,0.5977153394750476,0.921984415130221,73.18975567817688
SVC,0.5758081949493957,0.3874204447747405,,0.5022639230859288,1844.645693778992
SVC,0.9583333333333334,0.9583333333333331,0.9583333333333331,0.9582608695652174,0.0124928951263427
SVC,0.5483870967741935,0.5488215488215488,,0.5377928692699491,0.0128865242004394
