Model,Accuracy,Balanced Accuracy,ROC AUC,F1 Score,Time Taken
XGBClassifier,0.939799570508232,0.619309281461229,0.619309281461229,0.9253211465682172,2.401355266571045
XGBClassifier,0.582342537093446,0.4053513162479784,,0.5245559640943435,2.228461503982544
XGBClassifier,1.0,1.0,1.0,1.0,0.1085894107818603
