Model,Accuracy,Balanced Accuracy,ROC AUC,F1 Score,Time Taken
ExtraTreeClassifier,0.9166666666666666,0.9166666666666666,0.9166666666666664,0.9166666666666666,0.0114493370056152
