Model,Accuracy,Balanced Accuracy,ROC AUC,F1 Score,Time Taken
QuadraticDiscriminantAnalysis,0.5416666666666666,0.5416666666666666,0.5416666666666666,0.4197802197802198,0.0107126235961914
