Model,Accuracy,Balanced Accuracy,ROC AUC,F1 Score,Time Taken
AdaBoostClassifier,0.9370794559770936,0.6058983255624733,0.6058983255624733,0.9214599466914885,3.0854644775390625
AdaBoostClassifier,0.5768399331826668,0.3935584574250725,,0.5094871867513334,4.843690633773804
AdaBoostClassifier,0.9583333333333334,0.9583333333333331,0.9583333333333331,0.9582608695652174,0.0939209461212158
AdaBoostClassifier,0.6129032258064516,0.6094276094276094,,0.6146756469337115,0.0931413173675537
