Model,Accuracy,Balanced Accuracy,ROC AUC,F1 Score,Time Taken
BaggingClassifier,0.9333571939871153,0.6277842509339473,0.6277842509339474,0.921987393976668,4.0016961097717285
BaggingClassifier,0.5477547410828338,0.3909247444963816,,0.5057014325463856,9.708120584487917
BaggingClassifier,1.0,1.0,1.0,1.0,0.029911994934082
BaggingClassifier,0.6774193548387096,0.6632996632996633,,0.6666666666666667,0.0324091911315918
