Model,Accuracy,Balanced Accuracy,ROC AUC,F1 Score,Time Taken
BernoulliNB,0.8287759484609878,0.723521078419624,0.7235210784196241,0.8610168356886918,0.1771976947784423
BernoulliNB,0.5665225508499557,0.3880861287864505,,0.5088470237204942,0.3642446994781494
BernoulliNB,0.9583333333333334,0.9583333333333331,0.9583333333333331,0.9582608695652174,0.0136785507202148
BernoulliNB,0.6129032258064516,0.6094276094276094,,0.6141935483870967,0.0140366554260253
