Model,Accuracy,Balanced Accuracy,ROC AUC,F1 Score,Time Taken
CalibratedClassifierCV,0.9394416607015031,0.614062568175547,0.614062568175547,0.9243067909575662,2.2488210201263428
CalibratedClassifierCV,0.5637712488945662,0.370805210618417,,0.4742693943922857,6.597171068191528
CalibratedClassifierCV,1.0,1.0,1.0,1.0,0.0292212963104248
CalibratedClassifierCV,0.5161290322580645,0.5252525252525252,,0.4800782013685239,0.0435702800750732
