Model,Accuracy,Balanced Accuracy,ROC AUC,F1 Score,Time Taken
DecisionTreeClassifier,0.8936292054402291,0.6412999859270307,0.6412999859270309,0.8975111103575818,0.6664016246795654
DecisionTreeClassifier,0.4794143657266385,0.3796517809342437,,0.4755005535774687,1.6099004745483398
DecisionTreeClassifier,1.0,1.0,1.0,1.0,0.0119988918304443
DecisionTreeClassifier,0.6774193548387096,0.6632996632996633,,0.6723867667684185,0.0116493701934814
