Model,Accuracy,Balanced Accuracy,ROC AUC,F1 Score,Time Taken
ExtraTreeClassifier,0.8840372226198998,0.6122414552802211,0.6122414552802211,0.8889247711424175,0.1806716918945312
ExtraTreeClassifier,0.45632308145819,0.3643668927181507,,0.4561601549303786,0.3558290004730224
ExtraTreeClassifier,0.9166666666666666,0.9166666666666666,0.9166666666666664,0.9166666666666666,0.0113081932067871
ExtraTreeClassifier,0.6451612903225806,0.6262626262626262,,0.6267521538769786,0.0111260414123535
