Model,Accuracy,Balanced Accuracy,ROC AUC,F1 Score,Time Taken
ExtraTreesClassifier,0.9367931281317108,0.5666912021818633,0.5666912021818634,0.914366529450244,7.056918382644653
ExtraTreesClassifier,0.5753168910287904,0.3918683515613687,,0.5118019938447732,16.958740234375
ExtraTreesClassifier,1.0,1.0,1.0,1.0,0.1097886562347412
ExtraTreesClassifier,0.7096774193548387,0.7003367003367004,,0.7030360531309298,0.1088924407958984
