Model,Accuracy,Balanced Accuracy,ROC AUC,F1 Score,Time Taken
GaussianNB,0.8681460272011453,0.7111908681792958,0.7111908681792958,0.8861017480852543,0.1555790901184082
GaussianNB,0.5327699715043726,0.3871264028511141,,0.4327948507798227,0.2410900592803955
GaussianNB,0.9166666666666666,0.9166666666666669,0.9166666666666669,0.916083916083916,0.0136258602142333
GaussianNB,0.5483870967741935,0.5488215488215488,,0.532072673340749,0.0145473480224609
