Model,Accuracy,Balanced Accuracy,ROC AUC,F1 Score,Time Taken
KNeighborsClassifier,0.928775948460988,0.5913172852320473,0.5913172852320473,0.9138072976148266,1.0380170345306396
KNeighborsClassifier,0.5266286724968066,0.3737814536669334,,0.4886277650526527,1.7346162796020508
KNeighborsClassifier,0.9583333333333334,0.9583333333333331,0.9583333333333331,0.9582608695652174,0.0140993595123291
KNeighborsClassifier,0.5161290322580645,0.5185185185185185,,0.4780701754385964,0.0151176452636718
