Model,Accuracy,Balanced Accuracy,ROC AUC,F1 Score,Time Taken
LabelPropagation,0.9026485325697924,0.5896470419417502,0.5896470419417502,0.8976926240312619,159.76923322677612
LabelPropagation,0.4667878549670826,0.3702567516065797,,0.4651701410541419,356.948237657547
LabelPropagation,1.0,1.0,1.0,1.0,0.0120158195495605
LabelPropagation,0.6774193548387096,0.6700336700336701,,0.6758064516129032,0.0129256248474121
