Model,Accuracy,Balanced Accuracy,ROC AUC,F1 Score,Time Taken
LabelSpreading,0.9030780243378668,0.5903378618796448,0.5903378618796448,0.8980322664660986,200.41636753082275
LabelSpreading,0.4672300284956274,0.3703824303535225,,0.4655123973734366,420.950865983963
LabelSpreading,1.0,1.0,1.0,1.0,0.0118038654327392
LabelSpreading,0.6774193548387096,0.6700336700336701,,0.6758064516129032,0.0122475624084472
