Model,Accuracy,Balanced Accuracy,ROC AUC,F1 Score,Time Taken
LGBMClassifier,0.9404438081603436,0.6260885810452468,0.6260885810452467,0.9267299731277916,0.7118189334869385
LGBMClassifier,0.5852412302250172,0.4068245357856749,,0.528083658299072,1.7529704570770264
LGBMClassifier,1.0,1.0,1.0,1.0,0.1026368141174316
LGBMClassifier,0.5806451612903226,0.5791245791245792,,0.568679251455866,0.1897072792053222
