Model,Accuracy,Balanced Accuracy,ROC AUC,F1 Score,Time Taken
LinearSVC,0.936435218324982,0.5729306282505333,0.5729306282505333,0.915383782260914,0.662667989730835
LinearSVC,0.5631816841898398,0.3690585064023804,,0.4715074100735597,1.5802888870239258
LinearSVC,1.0,1.0,1.0,1.0,0.0113029479980468
LinearSVC,0.5806451612903226,0.5791245791245792,,0.5772332506203475,0.0116074085235595
