Model,Accuracy,Balanced Accuracy,ROC AUC,F1 Score,Time Taken
LogisticRegression,0.939513242662849,0.6035338823634968,0.6035338823634968,0.9227390457940116,0.3632960319519043
LogisticRegression,0.5677016802594085,0.3784498840231258,,0.4866866546194494,0.4064240455627441
LogisticRegression,1.0,1.0,1.0,1.0,0.0124557018280029
LogisticRegression,0.5806451612903226,0.5791245791245792,,0.5772332506203475,0.0137813091278076
