Model,Accuracy,Balanced Accuracy,ROC AUC,F1 Score,Time Taken
NearestCentroid,0.670436649964209,0.7641091503183626,0.7641091503183625,0.7499636744612458,0.1491179466247558
NearestCentroid,0.4798074088631227,0.4211386643236038,,0.4763808254767344,0.2474763393402099
NearestCentroid,0.9166666666666666,0.9166666666666669,0.9166666666666669,0.916083916083916,0.0123703479766845
NearestCentroid,0.5806451612903226,0.5791245791245792,,0.5808814841072906,0.0120546817779541
