Model,Accuracy,Balanced Accuracy,ROC AUC,F1 Score,Time Taken
NuSVC,1.0,1.0,1.0,1.0,0.0130701065063476
NuSVC,0.6129032258064516,0.6094276094276094,,0.592913694955179,0.015665054321289
