Model,Accuracy,Balanced Accuracy,ROC AUC,F1 Score,Time Taken
PassiveAggressiveClassifier,0.905225483178239,0.6218181415937362,0.6218181415937362,0.9029239088904089,0.2136225700378418
PassiveAggressiveClassifier,0.4934656578559497,0.373928838910638,,0.4600016630132723,0.7960205078125
PassiveAggressiveClassifier,0.9583333333333334,0.9583333333333331,0.9583333333333331,0.9582608695652174,0.0113625526428222
PassiveAggressiveClassifier,0.4516129032258064,0.4377104377104377,,0.3697295536005214,0.0131659507751464
