Model,Accuracy,Balanced Accuracy,ROC AUC,F1 Score,Time Taken
Perceptron,0.8365068002863278,0.7570903337137337,0.7570903337137337,0.8674725775900423,0.225682258605957
Perceptron,0.5156725950673087,0.3618969475753923,,0.475125378224434,0.7304625511169434
Perceptron,0.9583333333333334,0.9583333333333331,0.9583333333333331,0.9582608695652174,0.0120861530303955
Perceptron,0.5161290322580645,0.5185185185185185,,0.4103942652329749,0.0136704444885253
