Model,Accuracy,Balanced Accuracy,ROC AUC,F1 Score,Time Taken
RandomForestClassifier,0.9393700787401574,0.597943410685501,0.597943410685501,0.9217341900850216,7.528388738632202
RandomForestClassifier,0.5777242802397563,0.3942768476999239,,0.5154587791072102,19.781115293502808
RandomForestClassifier,1.0,1.0,1.0,1.0,0.1239757537841796
RandomForestClassifier,0.7096774193548387,0.7003367003367004,,0.7030360531309298,0.132265567779541
