Model,Accuracy,Balanced Accuracy,ROC AUC,F1 Score,Time Taken
RidgeClassifierCV,0.9333571939871153,0.5409490374150475,0.5409490374150475,0.906816410317377,0.3237130641937256
RidgeClassifierCV,0.5619534243883266,0.3671495842952462,,0.4674918186690074,0.51584792137146
RidgeClassifierCV,0.9583333333333334,0.9583333333333331,0.9583333333333331,0.9582608695652174,0.013364553451538
RidgeClassifierCV,0.5806451612903226,0.5791245791245792,,0.5772332506203475,0.0144414901733398
