Model,Accuracy,Balanced Accuracy,ROC AUC,F1 Score,Time Taken
SGDClassifier,0.9369362920544024,0.584686704362559,0.5846867043625591,0.9178694642037232,0.4127664566040039
SGDClassifier,0.5559103861648816,0.3580771356982191,,0.4465344813863103,2.928169250488281
SGDClassifier,0.9166666666666666,0.9166666666666669,0.9166666666666669,0.916083916083916,0.0118920803070068
SGDClassifier,0.3225806451612903,0.303030303030303,,0.2765570619708067,0.0130913257598876
