Model,Accuracy,Balanced Accuracy,ROC AUC,F1 Score,Time Taken
SVC,0.939799570508232,0.5963370027525253,0.5963370027525253,0.9217535993890508,75.54702639579773
SVC,0.5729095018178245,0.3834264397526826,,0.4956018157015907,1752.2452473640442
SVC,1.0,1.0,1.0,1.0,0.0124740600585937
SVC,0.4516129032258064,0.4579124579124579,,0.407430987863925,0.0122156143188476
