Model,Accuracy,Balanced Accuracy,ROC AUC,F1 Score,Time Taken
XGBClassifier,0.9399427344309234,0.6226025252683542,0.6226025252683542,0.9258891149301576,2.974695205688477
XGBClassifier,0.5803773214110248,0.4053715961964799,,0.52359824400384,1.4597408771514893
XGBClassifier,1.0,1.0,1.0,1.0,0.1114406585693359
