Model,Accuracy,Balanced Accuracy,ROC AUC,F1 Score,Time Taken
LinearDiscriminantAnalysis,0.9583333333333334,0.9583333333333331,0.9583333333333331,0.9582608695652174,0.0111205577850341
