Model,Accuracy,Balanced Accuracy,ROC AUC,F1 Score,Time Taken
QuadraticDiscriminantAnalysis,0.9166666666666666,0.9166666666666666,0.9166666666666664,0.9166666666666666,0.0108423233032226
