Model,Accuracy,Balanced Accuracy,ROC AUC,F1 Score,Time Taken
LinearDiscriminantAnalysis,0.9166666666666666,0.9166666666666669,0.9166666666666669,0.916083916083916,0.0149612426757812
