Model,Accuracy,Balanced Accuracy,ROC AUC,F1 Score,Time Taken
LogisticRegression,0.9166666666666666,0.9166666666666669,0.9166666666666669,0.916083916083916,0.012709617614746
