Model,Accuracy,Balanced Accuracy,ROC AUC,F1 Score,Time Taken
Perceptron,0.6666666666666666,0.6666666666666666,0.6666666666666667,0.625,0.0113534927368164
