Model,Accuracy,Balanced Accuracy,ROC AUC,F1 Score,Time Taken
AdaBoostClassifier,0.9376521116678596,0.596558467656445,0.596558467656445,0.9203617856645966,2.868997573852539
AdaBoostClassifier,0.5764960204382431,0.3906606173268463,,0.5065853525067886,4.8646228313446045
AdaBoostClassifier,0.6724537037037037,0.7534843205574913,0.7534843205574913,0.6725778781480762,0.2515535354614258
AdaBoostClassifier,1.0,1.0,1.0,1.0,0.1037847995758056
