Model,Accuracy,Balanced Accuracy,ROC AUC,F1 Score,Time Taken
BaggingClassifier,0.9357193987115248,0.6304351466569323,0.6304351466569323,0.9239688445458138,3.99312686920166
BaggingClassifier,0.5521764763682814,0.3957696226068757,,0.5110055504833688,9.418947458267212
BaggingClassifier,0.6724537037037037,0.7534843205574913,0.7534843205574913,0.6725778781480762,0.0747561454772949
BaggingClassifier,1.0,1.0,1.0,1.0,0.0317914485931396
