Model,Accuracy,Balanced Accuracy,ROC AUC,F1 Score,Time Taken
BernoulliNB,0.8738010021474588,0.6999944845022195,0.6999944845022193,0.8891229107393496,0.1663708686828613
BernoulliNB,0.5682912449641349,0.3890506160912192,,0.5100081296565864,0.2966151237487793
BernoulliNB,0.3356481481481481,0.5,0.5,0.1686966429167469,0.0195741653442382
BernoulliNB,0.9166666666666666,0.9166666666666669,0.9166666666666669,0.916083916083916,0.0114834308624267
