Model,Accuracy,Balanced Accuracy,ROC AUC,F1 Score,Time Taken
CalibratedClassifierCV,0.9377952755905512,0.5897439088317408,0.5897439088317408,0.9193077523873036,2.017894744873047
CalibratedClassifierCV,0.5650977694802004,0.3732335743667792,,0.4795590450066962,6.085040330886841
CalibratedClassifierCV,0.3356481481481481,0.5,0.5,0.1686966429167469,0.1002843379974365
CalibratedClassifierCV,1.0,1.0,1.0,1.0,0.0305609703063964
