Model,Accuracy,Balanced Accuracy,ROC AUC,F1 Score,Time Taken
DecisionTreeClassifier,0.8935576234788833,0.6463153248489921,0.6463153248489921,0.8979051271128585,0.6810836791992188
DecisionTreeClassifier,0.4780878451410042,0.379328177222072,,0.4753702225863549,1.63071608543396
DecisionTreeClassifier,0.6724537037037037,0.7534843205574913,0.7534843205574913,0.6725778781480762,0.0371322631835937
DecisionTreeClassifier,1.0,1.0,1.0,1.0,0.0110998153686523
