Model,Accuracy,Balanced Accuracy,ROC AUC,F1 Score,Time Taken
DummyClassifier,0.928131710808876,0.5,0.5,0.8935369588912895,0.1103754043579101
DummyClassifier,0.5380760538469097,0.3333333333333333,,0.376477923831301,0.1924448013305664
DummyClassifier,0.3356481481481481,0.5,0.5,0.1686966429167469,0.0254991054534912
DummyClassifier,0.5,0.5,0.5,0.3333333333333333,0.0116186141967773
