Model,Accuracy,Balanced Accuracy,ROC AUC,F1 Score,Time Taken
ExtraTreesClassifier,0.935934144595562,0.5630123344352038,0.5630123344352037,0.9131081467051044,6.799344778060913
ExtraTreesClassifier,0.5730077626019455,0.387650444167078,,0.5048577796470037,16.344109058380127
ExtraTreesClassifier,0.6724537037037037,0.7534843205574913,0.7534843205574913,0.6725778781480762,0.7606775760650635
ExtraTreesClassifier,1.0,1.0,1.0,1.0,0.1114816665649414
