Model,Accuracy,Balanced Accuracy,ROC AUC,F1 Score,Time Taken
ExtraTreeClassifier,0.8877594846098783,0.5889771931862247,0.5889771931862248,0.8888182245249959,0.1840741634368896
ExtraTreeClassifier,0.4495922177458976,0.3629469326952619,,0.4534040418574884,0.3668215274810791
ExtraTreeClassifier,0.6589506172839507,0.7347911410148584,0.7347911410148584,0.6601219578893418,0.0397396087646484
ExtraTreeClassifier,0.9583333333333334,0.9583333333333331,0.9583333333333331,0.9582608695652174,0.0162618160247802
