Model,Accuracy,Balanced Accuracy,ROC AUC,F1 Score,Time Taken
GaussianNB,0.8846098783106657,0.6957096033573558,0.6957096033573557,0.8958874202634388,0.1541211605072021
GaussianNB,0.5330156234646752,0.3866856067602393,,0.4320885020752602,0.2492141723632812
GaussianNB,0.3356481481481481,0.5,0.5,0.1686966429167469,0.0192346572875976
GaussianNB,0.9166666666666666,0.9166666666666669,0.9166666666666669,0.916083916083916,0.0134661197662353
