Model,Accuracy,Balanced Accuracy,ROC AUC,F1 Score,Time Taken
KNeighborsClassifier,0.92705798138869,0.5926890156480357,0.5926890156480357,0.9129387679811668,0.928745985031128
KNeighborsClassifier,0.5300677999410436,0.3747021778180912,,0.4886920452190487,1.4473998546600342
KNeighborsClassifier,0.4714506172839506,0.5885578116864912,0.5885578116864912,0.4280031497773434,0.1908373832702636
KNeighborsClassifier,0.9583333333333334,0.9583333333333331,0.9583333333333331,0.9582608695652174,0.0161168575286865
