Model,Accuracy,Balanced Accuracy,ROC AUC,F1 Score,Time Taken
LabelPropagation,0.8972798854688618,0.5853765256727217,0.5853765256727218,0.8940080642088283,154.76000261306763
LabelPropagation,0.4721430677016802,0.3700820080098723,,0.4684540024408747,338.94379353523254
LabelPropagation,0.597608024691358,0.6547859345588529,0.654785934558853,0.6023905809122295,2.7804360389709477
LabelPropagation,0.9583333333333334,0.9583333333333331,0.9583333333333331,0.9582608695652174,0.0121974945068359
