Model,Accuracy,Balanced Accuracy,ROC AUC,F1 Score,Time Taken
LabelSpreading,0.8981388690050107,0.5858392744001627,0.5858392744001627,0.8945679062764925,194.76045894622803
LabelSpreading,0.4721430677016802,0.3699508050297617,,0.4683293809452692,424.2563948631287
LabelSpreading,0.597608024691358,0.6547859345588529,0.654785934558853,0.6023905809122295,4.15513014793396
LabelSpreading,0.9583333333333334,0.9583333333333331,0.9583333333333331,0.9582608695652174,0.011580467224121
