Model,Accuracy,Balanced Accuracy,ROC AUC,F1 Score,Time Taken
LGBMClassifier,0.9410880458124552,0.6245978602941312,0.6245978602941312,0.9269838213608144,0.7507290840148926
LGBMClassifier,0.5868625331630146,0.4085058171214492,,0.5294406152103794,2.064571619033813
LGBMClassifier,0.6724537037037037,0.7534843205574913,0.7534843205574913,0.6725778781480762,0.3960838317871094
LGBMClassifier,1.0,1.0,1.0,1.0,0.1032013893127441
