Model,Accuracy,Balanced Accuracy,ROC AUC,F1 Score,Time Taken
LinearSVC,0.9358625626342162,0.5657304454862948,0.5657304454862948,0.913620817085654,0.5957753658294678
LinearSVC,0.5642134224231109,0.3698780631662122,,0.4727224642631176,1.4621193408966064
LinearSVC,0.3356481481481481,0.5,0.5,0.1686966429167469,0.025649070739746
LinearSVC,0.9583333333333334,0.9583333333333331,0.9583333333333331,0.9582608695652174,0.0116827487945556
