Model,Accuracy,Balanced Accuracy,ROC AUC,F1 Score,Time Taken
LinearDiscriminantAnalysis,0.937294201861131,0.6142840330794668,0.6142840330794668,0.9228551159374342,0.3744876384735107
LinearDiscriminantAnalysis,0.5620516851724476,0.3759538911422715,,0.4732913782593645,0.4840304851531982
LinearDiscriminantAnalysis,0.3356481481481481,0.5,0.5,0.1686966429167469,0.0305092334747314
LinearDiscriminantAnalysis,1.0,1.0,1.0,1.0,0.0111842155456542
