Model,Accuracy,Balanced Accuracy,ROC AUC,F1 Score,Time Taken
LogisticRegression,0.9385826771653544,0.5952219964811432,0.5952219964811432,0.9207562559662807,0.3112215995788574
LogisticRegression,0.5674068979070453,0.377687491692789,,0.4868563200183272,0.3905572891235351
LogisticRegression,0.3356481481481481,0.5,0.5,0.1686966429167469,0.0235764980316162
LogisticRegression,1.0,1.0,1.0,1.0,0.0123543739318847
