Model,Accuracy,Balanced Accuracy,ROC AUC,F1 Score,Time Taken
NearestCentroid,0.6920544022906228,0.767484972957161,0.767484972957161,0.7664873146113212,0.1483116149902343
NearestCentroid,0.4853100127739019,0.4203676935483607,,0.4767563046894008,0.2262005805969238
NearestCentroid,0.4753086419753086,0.4339300732908807,0.4339300732908807,0.4844469881813193,0.0212829113006591
NearestCentroid,0.9166666666666666,0.9166666666666669,0.9166666666666669,0.916083916083916,0.0111687183380126
