Model,Accuracy,Balanced Accuracy,ROC AUC,F1 Score,Time Taken
NuSVC,0.6724537037037037,0.7534843205574913,0.7534843205574913,0.6725778781480762,42.517374992370605
NuSVC,0.9583333333333334,0.9583333333333331,0.9583333333333331,0.9582608695652174,0.0122873783111572
