Model,Accuracy,Balanced Accuracy,ROC AUC,F1 Score,Time Taken
PassiveAggressiveClassifier,0.9177523264137436,0.6267287782388877,0.6267287782388877,0.9114495792433932,0.1832339763641357
PassiveAggressiveClassifier,0.476859585339491,0.3761082328756408,,0.4611324016408174,0.7569980621337891
PassiveAggressiveClassifier,0.3904320987654321,0.4718490928751652,0.4718490928751652,0.3664478895764206,0.0276927947998046
PassiveAggressiveClassifier,0.7083333333333334,0.7083333333333333,0.7083333333333334,0.7078260869565218,0.0114772319793701
