Model,Accuracy,Balanced Accuracy,ROC AUC,F1 Score,Time Taken
Perceptron,0.9103793843951324,0.648485803815434,0.648485803815434,0.9089259100020038,0.2504587173461914
Perceptron,0.5047656480298712,0.3613892365273086,,0.4717477597852437,0.6991472244262695
Perceptron,0.4548611111111111,0.4668809323561216,0.4668809323561216,0.4685455746526716,0.0385692119598388
Perceptron,0.9166666666666666,0.9166666666666669,0.9166666666666669,0.916083916083916,0.0142683982849121
