Model,Accuracy,Balanced Accuracy,ROC AUC,F1 Score,Time Taken
QuadraticDiscriminantAnalysis,0.9021474588403722,0.6569156045876651,0.6569156045876651,0.9043395649709184,0.2737953662872314
QuadraticDiscriminantAnalysis,0.4823130588582097,0.3801570836210848,,0.4415345260654869,0.4016427993774414
QuadraticDiscriminantAnalysis,0.3356481481481481,0.5,0.5,0.1686966429167469,0.0224342346191406
QuadraticDiscriminantAnalysis,0.9583333333333334,0.9583333333333331,0.9583333333333331,0.9582608695652174,0.0109908580780029
