Model,Accuracy,Balanced Accuracy,ROC AUC,F1 Score,Time Taken
RandomForestClassifier,0.940300644237652,0.6030391775486362,0.6030391775486362,0.9231961399811982,7.2487406730651855
RandomForestClassifier,0.5810651468998722,0.3987763019233529,,0.5213530886915368,18.65175223350525
RandomForestClassifier,0.6724537037037037,0.7534843205574913,0.7534843205574913,0.6725778781480762,0.5314145088195801
RandomForestClassifier,1.0,1.0,1.0,1.0,0.1270766258239746
