Model,Accuracy,Balanced Accuracy,ROC AUC,F1 Score,Time Taken
RidgeClassifier,0.9329277022190408,0.5365826528837604,0.5365826528837603,0.9055514234999676,0.1578366756439209
RidgeClassifier,0.5632308145819004,0.3682853239904495,,0.4693253319246114,0.2731387615203857
RidgeClassifier,0.3356481481481481,0.5,0.5,0.1686966429167469,0.0215818881988525
RidgeClassifier,1.0,1.0,1.0,1.0,0.0116291046142578
