Model,Accuracy,Balanced Accuracy,ROC AUC,F1 Score,Time Taken
RidgeClassifierCV,0.9329277022190408,0.5365826528837604,0.5365826528837603,0.9055514234999676,0.332211971282959
RidgeClassifierCV,0.5632799449739609,0.3683157598316962,,0.4693585472657527,0.6072061061859131
RidgeClassifierCV,0.3356481481481481,0.5,0.5,0.1686966429167469,0.0253655910491943
RidgeClassifierCV,1.0,1.0,1.0,1.0,0.0128428936004638
