Model,Accuracy,Balanced Accuracy,ROC AUC,F1 Score,Time Taken
SGDClassifier,0.9388690050107372,0.6041057119662642,0.6041057119662643,0.9223920989211436,0.378871202468872
SGDClassifier,0.554927778323671,0.365281904687298,,0.4549899457047419,2.4118032455444336
SGDClassifier,0.3356481481481481,0.5,0.5,0.1686966429167469,0.0668098926544189
SGDClassifier,1.0,1.0,1.0,1.0,0.0119719505310058
