Model,Accuracy,Balanced Accuracy,ROC AUC,F1 Score,Time Taken
SVC,0.9400143163922692,0.5978310266569078,0.5978310266569078,0.922148002151291,72.19213724136353
SVC,0.5745799351478825,0.3859379323529658,,0.4998219105024639,1864.760310173035
SVC,0.3356481481481481,0.5,0.5,0.1686966429167469,10.424653053283691
SVC,1.0,1.0,1.0,1.0,0.014249563217163
