Model,Accuracy,Balanced Accuracy,ROC AUC,F1 Score,Time Taken
XGBClassifier,0.9393700787401574,0.6195373526716825,0.6195373526716825,0.9250519021607424,0.5648653507232666
XGBClassifier,0.581507320428417,0.4056539255724767,,0.5252317328225129,4.976228713989258
XGBClassifier,0.6724537037037037,0.7534843205574913,0.7534843205574913,0.6725778781480762,0.2631106376647949
XGBClassifier,1.0,1.0,1.0,1.0,0.0898816585540771
