Model,Accuracy,Balanced Accuracy,ROC AUC,F1 Score,Time Taken
BernoulliNB,0.8430207587687902,0.7252222023520909,0.7252222023520909,0.8704232056308792,0.1680536270141601
BernoulliNB,0.5661295077134716,0.3857105936296796,,0.5051595722713358,0.2810046672821045
BernoulliNB,0.3364197530864197,0.3896832071768993,0.3896832071768993,0.3282401005268298,0.0179743766784667
BernoulliNB,0.9583333333333334,0.9583333333333331,0.9583333333333331,0.9582608695652174,0.0116803646087646
