Model,Accuracy,Balanced Accuracy,ROC AUC,F1 Score,Time Taken
DecisionTreeClassifier,0.8963493199713672,0.6533326051032642,0.6533326051032642,0.9002899665458972,0.5326824188232422
DecisionTreeClassifier,0.4779895843568831,0.3784890542620506,,0.4745104865481472,1.376941442489624
DecisionTreeClassifier,0.6724537037037037,0.7534843205574913,0.7534843205574913,0.6725778781480762,0.0228426456451416
DecisionTreeClassifier,1.0,1.0,1.0,1.0,0.0106017589569091
