Model,Accuracy,Balanced Accuracy,ROC AUC,F1 Score,Time Taken
GaussianNB,0.8574087329992842,0.7196493218856795,0.7196493218856795,0.8795545919901032,0.1381707191467285
GaussianNB,0.1130981625233369,0.3338166609461936,,0.0245417920631182,0.2459328174591064
GaussianNB,0.6724537037037037,0.7534843205574913,0.7534843205574913,0.6725778781480762,0.0194213390350341
GaussianNB,0.9166666666666666,0.9166666666666669,0.9166666666666669,0.916083916083916,0.0126533508300781
