Model,Accuracy,Balanced Accuracy,ROC AUC,F1 Score,Time Taken
NuSVC,0.6724537037037037,0.7534843205574913,0.7534843205574913,0.6725778781480762,4.314134359359741
NuSVC,1.0,1.0,1.0,1.0,0.0112354755401611
