Model,Accuracy,Balanced Accuracy,ROC AUC,F1 Score,Time Taken
PassiveAggressiveClassifier,0.9246241947029348,0.5950534588470121,0.5950534588470121,0.9117644746051894,0.1859710216522216
PassiveAggressiveClassifier,0.4840326225803282,0.3535630698390957,,0.4664456996298792,0.693976640701294
PassiveAggressiveClassifier,0.3213734567901234,0.4764608114061436,0.4764608114061436,0.1684465596529974,0.0272772312164306
PassiveAggressiveClassifier,1.0,1.0,1.0,1.0,0.0110318660736083
