Model,Accuracy,Balanced Accuracy,ROC AUC,F1 Score,Time Taken
RidgeClassifierCV,0.933142448103078,0.538995567936491,0.538995567936491,0.9062419831176928,0.3065512180328369
RidgeClassifierCV,0.560970816547116,0.3646876253762506,,0.4614286177574075,0.437755823135376
RidgeClassifierCV,0.3356481481481481,0.5,0.5,0.1686966429167469,0.0335533618927001
RidgeClassifierCV,1.0,1.0,1.0,1.0,0.011937141418457
