Model,Accuracy,Balanced Accuracy,ROC AUC,F1 Score,Time Taken
AdaBoostClassifier,0.9375089477451682,0.601535244184453,0.601535244184453,0.9210692615669344,2.6708924770355225
AdaBoostClassifier,0.5769381939667878,0.3891456183507538,,0.5035108680797782,4.42070746421814
AdaBoostClassifier,1.0,1.0,1.0,1.0,0.0137593746185302
AdaBoostClassifier,0.5161290322580645,0.5185185185185185,,0.4797323823856572,0.0976972579956054
