Model,Accuracy,Balanced Accuracy,ROC AUC,F1 Score,Time Taken
CalibratedClassifierCV,0.9385826771653544,0.6062486902613209,0.606248690261321,0.9225324881354752,2.2706313133239746
CalibratedClassifierCV,0.5631816841898398,0.3688163436445883,,0.4694711123522683,5.308673858642578
CalibratedClassifierCV,1.0,1.0,1.0,1.0,0.0286059379577636
CalibratedClassifierCV,0.5806451612903226,0.5791245791245792,,0.5808814841072906,0.0423438549041748
