Model,Accuracy,Balanced Accuracy,ROC AUC,F1 Score,Time Taken
ExtraTreeClassifier,0.902505368647101,0.6134610870108952,0.6134610870108952,0.9003370147696828,0.1599600315093994
ExtraTreeClassifier,0.4668861157512037,0.3655020665960808,,0.4626987955961436,0.3271827697753906
ExtraTreeClassifier,0.9166666666666666,0.9166666666666666,0.9166666666666664,0.9166666666666666,0.0114493370056152
ExtraTreeClassifier,0.6774193548387096,0.6565656565656566,,0.6576076938489281,0.0111896991729736
