Model,Accuracy,Balanced Accuracy,ROC AUC,F1 Score,Time Taken
ExtraTreesClassifier,0.9358625626342162,0.5592982074478579,0.5592982074478577,0.9122897077429925,5.637343883514404
ExtraTreesClassifier,0.5751694998526088,0.388105282009489,,0.5045719756713096,14.507655382156372
ExtraTreesClassifier,1.0,1.0,1.0,1.0,0.0914301872253418
ExtraTreesClassifier,0.6774193548387096,0.6700336700336701,,0.6742842999752495,0.1111087799072265
