Model,Accuracy,Balanced Accuracy,ROC AUC,F1 Score,Time Taken
GaussianNB,0.8574087329992842,0.7196493218856795,0.7196493218856795,0.8795545919901032,0.1381707191467285
GaussianNB,0.1130981625233369,0.3338166609461936,,0.0245417920631182,0.2459328174591064
GaussianNB,0.9166666666666666,0.9166666666666669,0.9166666666666669,0.916083916083916,0.0126533508300781
GaussianNB,0.6129032258064516,0.6094276094276094,,0.6141935483870967,0.0115187168121337
