Model,Accuracy,Balanced Accuracy,ROC AUC,F1 Score,Time Taken
KNeighborsClassifier,0.9277022190408016,0.584306611284309,0.584306611284309,0.9120328957083852,0.8487162590026855
KNeighborsClassifier,0.5305099734695883,0.3747407309292445,,0.4897402011455971,1.4881243705749512
KNeighborsClassifier,0.9583333333333334,0.9583333333333331,0.9583333333333331,0.9582608695652174,0.0144875049591064
KNeighborsClassifier,0.5483870967741935,0.5488215488215488,,0.5236961181233626,0.0130221843719482
