Model,Accuracy,Balanced Accuracy,ROC AUC,F1 Score,Time Taken
LGBMClassifier,0.9418754473872584,0.6346704036852744,0.6346704036852743,0.9289187171811768,0.6916558742523193
LGBMClassifier,0.5844060135599882,0.4059199222606754,,0.5255318059476045,1.7844557762145996
LGBMClassifier,1.0,1.0,1.0,1.0,0.0944461822509765
LGBMClassifier,0.5806451612903226,0.5791245791245792,,0.567268305171531,0.1487214565277099
