Model,Accuracy,Balanced Accuracy,ROC AUC,F1 Score,Time Taken
LinearDiscriminantAnalysis,0.937007874015748,0.6269942595805271,0.6269942595805271,0.9244211184322068,0.3252072334289551
LinearDiscriminantAnalysis,0.5600864694900265,0.3729349784024947,,0.465529341611296,0.4276914596557617
LinearDiscriminantAnalysis,1.0,1.0,1.0,1.0,0.0119228363037109
LinearDiscriminantAnalysis,0.5806451612903226,0.5791245791245792,,0.5808814841072906,0.0106182098388671
