Model,Accuracy,Balanced Accuracy,ROC AUC,F1 Score,Time Taken
LinearSVC,0.936435218324982,0.5724711826763592,0.5724711826763592,0.915295189176388,0.5583293437957764
LinearSVC,0.5611182077232977,0.3655661507806543,,0.463875859018715,1.512613296508789
LinearSVC,1.0,1.0,1.0,1.0,0.0108828544616699
LinearSVC,0.5806451612903226,0.5791245791245792,,0.5808814841072906,0.010944128036499
