Model,Accuracy,Balanced Accuracy,ROC AUC,F1 Score,Time Taken
LogisticRegression,0.9390837508947744,0.6055997358706466,0.6055997358706467,0.922772768900827,0.3655226230621338
LogisticRegression,0.566817333202319,0.3754230207444879,,0.4808208611421412,0.3973913192749023
LogisticRegression,1.0,1.0,1.0,1.0,0.0121443271636962
LogisticRegression,0.5806451612903226,0.5791245791245792,,0.5808814841072906,0.0129201412200927
