Model,Accuracy,Balanced Accuracy,ROC AUC,F1 Score,Time Taken
NearestCentroid,0.6883321403006443,0.7709930753616723,0.7709930753616722,0.7636713725154018,0.1620233058929443
NearestCentroid,0.48884740100226,0.4224388958468502,,0.484308461285143,0.192429780960083
NearestCentroid,0.9166666666666666,0.9166666666666669,0.9166666666666669,0.916083916083916,0.0114181041717529
NearestCentroid,0.6129032258064516,0.6094276094276094,,0.6141935483870967,0.0124130249023437
