Model,Accuracy,Balanced Accuracy,ROC AUC,F1 Score,Time Taken
NuSVC,1.0,1.0,1.0,1.0,0.0112354755401611
NuSVC,0.5806451612903226,0.579124579124579,,0.5478110599078341,0.0116598606109619
