Model,Accuracy,Balanced Accuracy,ROC AUC,F1 Score,Time Taken
PassiveAggressiveClassifier,0.9246241947029348,0.5950534588470121,0.5950534588470121,0.9117644746051894,0.1859710216522216
PassiveAggressiveClassifier,0.4840326225803282,0.3535630698390957,,0.4664456996298792,0.693976640701294
PassiveAggressiveClassifier,1.0,1.0,1.0,1.0,0.0110318660736083
PassiveAggressiveClassifier,0.3870967741935484,0.3703703703703704,,0.342161856253537,0.0118062496185302
