Model,Accuracy,Balanced Accuracy,ROC AUC,F1 Score,Time Taken
Perceptron,0.930350751610594,0.670730851082789,0.670730851082789,0.9247001305232884,0.1891727447509765
Perceptron,0.4524417804854083,0.3803204297648327,,0.4282829606936546,0.5587468147277832
Perceptron,1.0,1.0,1.0,1.0,0.0109155178070068
Perceptron,0.4838709677419355,0.494949494949495,,0.4782977781058536,0.0117402076721191
