Model,Accuracy,Balanced Accuracy,ROC AUC,F1 Score,Time Taken
RandomForestClassifier,0.939799570508232,0.5995531217717438,0.5995531217717438,0.9222886114067336,5.904438257217407
RandomForestClassifier,0.5826373194458092,0.3980938112193492,,0.5200178218436123,16.296069622039795
RandomForestClassifier,1.0,1.0,1.0,1.0,0.1219325065612793
RandomForestClassifier,0.7096774193548387,0.7003367003367004,,0.7030360531309298,0.1357443332672119
