Model,Accuracy,Balanced Accuracy,ROC AUC,F1 Score,Time Taken
RidgeClassifierCV,0.933142448103078,0.538995567936491,0.538995567936491,0.9062419831176928,0.3065512180328369
RidgeClassifierCV,0.560970816547116,0.3646876253762506,,0.4614286177574075,0.437755823135376
RidgeClassifierCV,1.0,1.0,1.0,1.0,0.011937141418457
RidgeClassifierCV,0.5806451612903226,0.5791245791245792,,0.5808814841072906,0.0115435123443603
