Model,Accuracy,Balanced Accuracy,ROC AUC,F1 Score,Time Taken
SVC,0.9397279885468862,0.5949201036360496,0.5949201036360497,0.9214662081496074,50.63584232330322
SVC,0.574530804755822,0.3841848169261146,,0.4962384530672399,1191.945531129837
SVC,0.9583333333333334,0.9583333333333331,0.9583333333333331,0.9582608695652174,0.0117151737213134
SVC,0.5161290322580645,0.5185185185185185,,0.4979321753515301,0.0122597217559814
