Model,Accuracy,Balanced Accuracy,ROC AUC,F1 Score,Time Taken
XGBClassifier,0.9393700787401574,0.6296451553035122,0.6296451553035122,0.9264450299369764,0.9280836582183838
XGBClassifier,0.5813599292522355,0.4045824385278223,,0.5225274242827717,1.2644798755645752
XGBClassifier,1.0,1.0,1.0,1.0,0.0605068206787109
