Model,Accuracy,Balanced Accuracy,ROC AUC,F1 Score,Time Taken
BernoulliNB,0.7916666666666666,0.7916666666666666,0.7916666666666667,0.7883597883597883,0.0135962963104248
