Model,Accuracy,Balanced Accuracy,ROC AUC,F1 Score,Time Taken
PassiveAggressiveClassifier,0.9166666666666666,0.9166666666666669,0.9166666666666669,0.916083916083916,0.0127651691436767
