Model,Accuracy,Balanced Accuracy,ROC AUC,F1 Score,Time Taken
SGDClassifier,0.75,0.75,0.7500000000000001,0.7428571428571429,0.0121653079986572
