Model,Accuracy,Balanced Accuracy,ROC AUC,F1 Score,Time Taken
PassiveAggressiveClassifier,0.7083333333333334,0.7083333333333333,0.7083333333333334,0.7078260869565218,0.0114772319793701
