Model,Accuracy,Balanced Accuracy,ROC AUC,F1 Score,Time Taken
BaggingClassifier,0.9340730136005728,0.6336832217635704,0.6336832217635704,0.9232301705394838,3.2519619464874268
BaggingClassifier,0.5518816940159182,0.3937305631070706,,0.5089491937099657,8.357474327087402
BaggingClassifier,0.6724537037037037,0.7534843205574913,0.7534843205574913,0.6725778781480762,0.0567274093627929
BaggingClassifier,1.0,1.0,1.0,1.0,0.0276679992675781
BaggingClassifier,0.6774193548387096,0.6700336700336701,,0.6675521821631879,0.0437009334564209
