Model,Accuracy,Balanced Accuracy,ROC AUC,F1 Score,Time Taken
DummyClassifier,0.928131710808876,0.5,0.5,0.8935369588912895,0.0975191593170166
DummyClassifier,0.5380760538469097,0.3333333333333333,,0.376477923831301,0.1780140399932861
DummyClassifier,0.3356481481481481,0.5,0.5,0.1686966429167469,0.0181095600128173
DummyClassifier,0.5,0.5,0.5,0.3333333333333333,0.0100688934326171
DummyClassifier,0.2903225806451613,0.3333333333333333,,0.1306451612903225,0.0108199119567871
