Model,Accuracy,Balanced Accuracy,ROC AUC,F1 Score,Time Taken
LabelSpreading,0.9046528274874732,0.585672887656531,0.585672887656531,0.8983867919524158,152.35299253463745
LabelSpreading,0.4697356784907143,0.3710660789855215,,0.4667220052557444,330.98458766937256
LabelSpreading,0.6724537037037037,0.7534843205574913,0.7534843205574913,0.6725778781480762,2.8536672592163086
LabelSpreading,0.9583333333333334,0.9583333333333331,0.9583333333333331,0.9582608695652174,0.0116968154907226
LabelSpreading,0.7096774193548387,0.7003367003367004,,0.7030360531309298,0.0132753849029541
