Model,Accuracy,Balanced Accuracy,ROC AUC,F1 Score,Time Taken
LabelPropagation,0.9042949176807444,0.5845611845384158,0.5845611845384159,0.8980345529069009,120.14364290237428
LabelPropagation,0.4692443745701091,0.3708279625347628,,0.4663703752085446,270.1473686695099
LabelPropagation,0.6724537037037037,0.7534843205574913,0.7534843205574913,0.6725778781480762,1.9145514965057373
LabelPropagation,0.9583333333333334,0.9583333333333331,0.9583333333333331,0.9582608695652174,0.0132153034210205
LabelPropagation,0.7096774193548387,0.7003367003367004,,0.7030360531309298,0.0115444660186767
