Model,Accuracy,Balanced Accuracy,ROC AUC,F1 Score,Time Taken
RidgeClassifier,0.933142448103078,0.538995567936491,0.538995567936491,0.9062419831176928,0.1471438407897949
RidgeClassifier,0.560970816547116,0.3646876253762506,,0.4614286177574075,0.2296173572540283
RidgeClassifier,0.3356481481481481,0.5,0.5,0.1686966429167469,0.0229520797729492
RidgeClassifier,1.0,1.0,1.0,1.0,0.0125930309295654
RidgeClassifier,0.5806451612903226,0.5791245791245792,,0.5808814841072906,0.0111446380615234
