Model,Accuracy,Balanced Accuracy,ROC AUC,F1 Score,Time Taken
SGDClassifier,0.9380100214745885,0.5857245858460344,0.5857245858460344,0.9187410718154024,0.3252062797546386
SGDClassifier,0.5615603812518424,0.3648415720434883,,0.4608274436285012,2.2693099975585938
SGDClassifier,0.3356481481481481,0.5,0.5,0.1686966429167469,0.1060700416564941
SGDClassifier,1.0,1.0,1.0,1.0,0.0109775066375732
SGDClassifier,0.5483870967741935,0.5420875420875421,,0.5460829493087557,0.0122075080871582
