Model,Accuracy,Balanced Accuracy,ROC AUC,F1 Score,Time Taken
BernoulliNB,0.8333333333333334,0.8333333333333333,0.8333333333333334,0.8285714285714286,0.0125048160552978
