Model,Accuracy,Balanced Accuracy,ROC AUC,F1 Score,Time Taken
NuSVC,0.9166666666666666,0.9166666666666669,0.9166666666666669,0.916083916083916,0.0124359130859375
