Model,Accuracy,Balanced Accuracy,ROC AUC,F1 Score,Time Taken
RandomForestClassifier,0.9166666666666666,0.9166666666666669,0.9166666666666669,0.916083916083916,0.1406559944152832
