Model,Accuracy,Balanced Accuracy,ROC AUC,F1 Score,Time Taken
GaussianNB,0.8687902648532569,0.7110784841507025,0.7110784841507025,0.8865153708261099,0.1435401439666748
GaussianNB,0.5329664930726147,0.38736358929535,,0.4328950719458465,0.2544119358062744
GaussianNB,0.9166666666666666,0.9166666666666669,0.9166666666666669,0.916083916083916,0.0131216049194335
GaussianNB,0.5161290322580645,0.5185185185185185,,0.5037807331949946,0.0108208656311035
