Model,Accuracy,Balanced Accuracy,ROC AUC,F1 Score,Time Taken
LabelPropagation,0.9583333333333334,0.9583333333333331,0.9583333333333331,0.9582608695652174,0.0129954814910888
