Model,Accuracy,Balanced Accuracy,ROC AUC,F1 Score,Time Taken
QuadraticDiscriminantAnalysis,0.7083333333333334,0.7083333333333334,0.7083333333333333,0.6812144212523719,0.0133910179138183
